Workbook

Sheet Áttekintés
A1: Forintnapló 2026
A2: Minden szám képlet: a Terv és a Tranzakciók lapból számol. A tervet a Terv lap Tervezett oszlopában (kék) írd át, a költéseket a telefonos Forintnapló írja a Tranzakciók lapra, de kézzel is felvehetsz sort.
A4: Hónap | B4: Terv. bevétel | C4: Tény. bevétel | D4: Terv. kiadás | E4: Tény. kiadás | F4: Terv. egyenleg | G4: Tény. egyenleg | H4: Kiadás eltérés
A5: 2026-01 | B5: =SUMIFS(Terv!$D:$D,Terv!$A:$A,$A5,Terv!$B:$B,"BEVÉTEL") -> 509100 | C5: =SUMIFS(Tranzakciók!$E:$E,Tranzakciók!$B:$B,$A5,Tranzakciók!$C:$C,"BEVÉTEL") -> 497150 | D5: =SUMIFS(Terv!$D:$D,Terv!$A:$A,$A5)-B5 -> 490835 | E5: =SUMIFS(Tranzakciók!$E:$E,Tranzakciók!$B:$B,$A5)-C5 -> 410107 | F5: =B5-D5 -> 18265 | G5: =C5-E5 -> 87043 | H5: =D5-E5 -> 80728
A6: 2026-02 | B6: =SUMIFS(Terv!$D:$D,Terv!$A:$A,$A6,Terv!$B:$B,"BEVÉTEL") -> 522150 | C6: =SUMIFS(Tranzakciók!$E:$E,Tranzakciók!$B:$B,$A6,Tranzakciók!$C:$C,"BEVÉTEL") -> 522150 | D6: =SUMIFS(Terv!$D:$D,Terv!$A:$A,$A6)-B6 -> 501769 | E6: =SUMIFS(Tranzakciók!$E:$E,Tranzakciók!$B:$B,$A6)-C6 -> 413754 | F6: =B6-D6 -> 20381 | G6: =C6-E6 -> 108396 | H6: =D6-E6 -> 88015
A7: 2026-03 | B7: =SUMIFS(Terv!$D:$D,Terv!$A:$A,$A7,Terv!$B:$B,"BEVÉTEL") -> 581626 | C7: =SUMIFS(Tranzakciók!$E:$E,Tranzakciók!$B:$B,$A7,Tranzakciók!$C:$C,"BEVÉTEL") -> 541160 | D7: =SUMIFS(Terv!$D:$D,Terv!$A:$A,$A7)-B7 -> 553109 | E7: =SUMIFS(Tranzakciók!$E:$E,Tranzakciók!$B:$B,$A7)-C7 -> 556453 | F7: =B7-D7 -> 28517 | G7: =C7-E7 -> -15293 | H7: =D7-E7 -> -3344
A8: 2026-04 | B8: =SUMIFS(Terv!$D:$D,Terv!$A:$A,$A8,Terv!$B:$B,"BEVÉTEL") -> 551160 | C8: =SUMIFS(Tranzakciók!$E:$E,Tranzakciók!$B:$B,$A8,Tranzakciók!$C:$C,"BEVÉTEL") -> 551160 | D8: =SUMIFS(Terv!$D:$D,Terv!$A:$A,$A8)-B8 -> 523787 | E8: =SUMIFS(Tranzakciók!$E:$E,Tranzakciók!$B:$B,$A8)-C8 -> 317574 | F8: =B8-D8 -> 27373 | G8: =C8-E8 -> 233586 | H8: =D8-E8 -> 206213
A9: 2026-05 | B9: =SUMIFS(Terv!$D:$D,Terv!$A:$A,$A9,Terv!$B:$B,"BEVÉTEL") -> 588495 | C9: =SUMIFS(Tranzakciók!$E:$E,Tranzakciók!$B:$B,$A9,Tranzakciók!$C:$C,"BEVÉTEL") -> 588495 | D9: =SUMIFS(Terv!$D:$D,Terv!$A:$A,$A9)-B9 -> 523194 | E9: =SUMIFS(Tranzakciók!$E:$E,Tranzakciók!$B:$B,$A9)-C9 -> 363894 | F9: =B9-D9 -> 65301 | G9: =C9-E9 -> 224601 | H9: =D9-E9 -> 159300
A10: 2026-06 | B10: =SUMIFS(Terv!$D:$D,Terv!$A:$A,$A10,Terv!$B:$B,"BEVÉTEL") -> 541160 | C10: =SUMIFS(Tranzakciók!$E:$E,Tranzakciók!$B:$B,$A10,Tranzakciók!$C:$C,"BEVÉTEL") -> 0 | D10: =SUMIFS(Terv!$D:$D,Terv!$A:$A,$A10)-B10 -> 468160 | E10: =SUMIFS(Tranzakciók!$E:$E,Tranzakciók!$B:$B,$A10)-C10 -> 410225 | F10: =B10-D10 -> 73000 | G10: =C10-E10 -> -410225 | H10: =D10-E10 -> 57935
A11: 2026-07 | B11: =SUMIFS(Terv!$D:$D,Terv!$A:$A,$A11,Terv!$B:$B,"BEVÉTEL") -> 557917 | C11: =SUMIFS(Tranzakciók!$E:$E,Tranzakciók!$B:$B,$A11,Tranzakciók!$C:$C,"BEVÉTEL") -> 557917 | D11: =SUMIFS(Terv!$D:$D,Terv!$A:$A,$A11)-B11 -> 454794 | E11: =SUMIFS(Tranzakciók!$E:$E,Tranzakciók!$B:$B,$A11)-C11 -> 382819 | F11: =B11-D11 -> 103123 | G11: =C11-E11 -> 175098 | H11: =D11-E11 -> 71975
A12: 2026-08 | B12: =SUMIFS(Terv!$D:$D,Terv!$A:$A,$A12,Terv!$B:$B,"BEVÉTEL") -> 541160 | C12: =SUMIFS(Tranzakciók!$E:$E,Tranzakciók!$B:$B,$A12,Tranzakciók!$C:$C,"BEVÉTEL") -> 0 | D12: =SUMIFS(Terv!$D:$D,Terv!$A:$A,$A12)-B12 -> 524767 | E12: =SUMIFS(Tranzakciók!$E:$E,Tranzakciók!$B:$B,$A12)-C12 -> 315997 | F12: =B12-D12 -> 16393 | G12: =C12-E12 -> -315997 | H12: =D12-E12 -> 208770
A13: 2026-09 | B13: =SUMIFS(Terv!$D:$D,Terv!$A:$A,$A13,Terv!$B:$B,"BEVÉTEL") -> 577150 | C13: =SUMIFS(Tranzakciók!$E:$E,Tranzakciók!$B:$B,$A13,Tranzakciók!$C:$C,"BEVÉTEL") -> 577150 | D13: =SUMIFS(Terv!$D:$D,Terv!$A:$A,$A13)-B13 -> 548990 | E13: =SUMIFS(Tranzakciók!$E:$E,Tranzakciók!$B:$B,$A13)-C13 -> 134936 | F13: =B13-D13 -> 28160 | G13: =C13-E13 -> 442214 | H13: =D13-E13 -> 414054
A14: 2026-10 | B14: =SUMIFS(Terv!$D:$D,Terv!$A:$A,$A14,Terv!$B:$B,"BEVÉTEL") -> 541160 | C14: =SUMIFS(Tranzakciók!$E:$E,Tranzakciók!$B:$B,$A14,Tranzakciók!$C:$C,"BEVÉTEL") -> 0 | D14: =SUMIFS(Terv!$D:$D,Terv!$A:$A,$A14)-B14 -> 532516 | E14: =SUMIFS(Tranzakciók!$E:$E,Tranzakciók!$B:$B,$A14)-C14 -> 0 | F14: =B14-D14 -> 8644 | G14: =C14-E14 -> 0 | H14: =D14-E14 -> 532516
A15: 2026-11 | B15: =SUMIFS(Terv!$D:$D,Terv!$A:$A,$A15,Terv!$B:$B,"BEVÉTEL") -> 541160 | C15: =SUMIFS(Tranzakciók!$E:$E,Tranzakciók!$B:$B,$A15,Tranzakciók!$C:$C,"BEVÉTEL") -> 0 | D15: =SUMIFS(Terv!$D:$D,Terv!$A:$A,$A15)-B15 -> 524516 | E15: =SUMIFS(Tranzakciók!$E:$E,Tranzakciók!$B:$B,$A15)-C15 -> 0 | F15: =B15-D15 -> 16644 | G15: =C15-E15 -> 0 | H15: =D15-E15 -> 524516
A16: 2026-12 | B16: =SUMIFS(Terv!$D:$D,Terv!$A:$A,$A16,Terv!$B:$B,"BEVÉTEL") -> 541160 | C16: =SUMIFS(Tranzakciók!$E:$E,Tranzakciók!$B:$B,$A16,Tranzakciók!$C:$C,"BEVÉTEL") -> 0 | D16: =SUMIFS(Terv!$D:$D,Terv!$A:$A,$A16)-B16 -> 537516 | E16: =SUMIFS(Tranzakciók!$E:$E,Tranzakciók!$B:$B,$A16)-C16 -> 0 | F16: =B16-D16 -> 3644 | G16: =C16-E16 -> 0 | H16: =D16-E16 -> 537516
A17: Összesen | B17: =SUM(B5:B16) -> 6593398 | C17: =SUM(C5:C16) -> 3835182 | D17: =SUM(D5:D16) -> 6183953 | E17: =SUM(E5:E16) -> 3305759 | F17: =SUM(F5:F16) -> 409445 | G17: =SUM(G5:G16) -> 529423 | H17: =SUM(H5:H16) -> 2878194

Sheet Terv
A1: Hónap | B1: Csoport | C1: Tétel | D1: Tervezett | E1: Tényleges | F1: Különbözet
A2: 2026-01 | B2: BEVÉTEL | C2: Bevétel 1 | D2: 497150 | E2: =SUMIFS(Tranzakciók!$E:$E,Tranzakciók!$B:$B,$A2,Tranzakciók!$C:$C,$B2,Tranzakciók!$D:$D,$C2) -> 497150 | F2: =IF($B2="BEVÉTEL",E2-D2,D2-E2) -> 0
A3: 2026-01 | B3: BEVÉTEL | C3: Plusz bevétel | D3: 11950 | E3: =SUMIFS(Tranzakciók!$E:$E,Tranzakciók!$B:$B,$A3,Tranzakciók!$C:$C,$B3,Tranzakciók!$D:$D,$C3) -> 0 | F3: =IF($B3="BEVÉTEL",E3-D3,D3-E3) -> -11950
A4: 2026-01 | B4: ÁLLANDÓ KÖLTSÉGEK | C4: Bérleti díj | D4: 90000 | E4: =SUMIFS(Tranzakciók!$E:$E,Tranzakciók!$B:$B,$A4,Tranzakciók!$C:$C,$B4,Tranzakciók!$D:$D,$C4) -> 90000 | F4: =IF($B4="BEVÉTEL",E4-D4,D4-E4) -> 0
A5: 2026-01 | B5: ÁLLANDÓ KÖLTSÉGEK | C5: Rezsi | D5: 15680 | E5: =SUMIFS(Tranzakciók!$E:$E,Tranzakciók!$B:$B,$A5,Tranzakciók!$C:$C,$B5,Tranzakciók!$D:$D,$C5) -> 15680 | F5: =IF($B5="BEVÉTEL",E5-D5,D5-E5) -> 0
A6: 2026-01 | B6: ÁLLANDÓ KÖLTSÉGEK | C6: Telefon | D6: 14385 | E6: =SUMIFS(Tranzakciók!$E:$E,Tranzakciók!$B:$B,$A6,Tranzakciók!$C:$C,$B6,Tranzakciók!$D:$D,$C6) -> 14385 | F6: =IF($B6="BEVÉTEL",E6-D6,D6-E6) -> 0
A7: 2026-01 | B7: ÁLLANDÓ KÖLTSÉGEK | C7: YouTube Prémium+Google tárhely | D7: 6790 | E7: =SUMIFS(Tranzakciók!$E:$E,Tranzakciók!$B:$B,$A7,Tranzakciók!$C:$C,$B7,Tranzakciók!$D:$D,$C7) -> 0 | F7: =IF($B7="BEVÉTEL",E7-D7,D7-E7) -> 6790
A8: 2026-01 | B8: ÁLLANDÓ KÖLTSÉGEK | C8: Spotify | D8: 1990 | E8: =SUMIFS(Tranzakciók!$E:$E,Tranzakciók!$B:$B,$A8,Tranzakciók!$C:$C,$B8,Tranzakciók!$D:$D,$C8) -> 0 | F8: =IF($B8="BEVÉTEL",E8-D8,D8-E8) -> 1990
A9: 2026-01 | B9: ÁLLANDÓ KÖLTSÉGEK | C9: Disney+ | D9: 2990 | E9: =SUMIFS(Tranzakciók!$E:$E,Tranzakciók!$B:$B,$A9,Tranzakciók!$C:$C,$B9,Tranzakciók!$D:$D,$C9) -> 2990 | F9: =IF($B9="BEVÉTEL",E9-D9,D9-E9) -> 0
A10: 2026-01 | B10: ÁLLANDÓ KÖLTSÉGEK | C10: Kondi bérlet | D10: 23000 | E10: =SUMIFS(Tranzakciók!$E:$E,Tranzakciók!$B:$B,$A10,Tranzakciók!$C:$C,$B10,Tranzakciók!$D:$D,$C10) -> 23000 | F10: =IF($B10="BEVÉTEL",E10-D10,D10-E10) -> 0
A11: 2026-01 | B11: KÖZLEKEDÉS | C11: Buszbérlet | D11: 0 | E11: =SUMIFS(Tranzakciók!$E:$E,Tranzakciók!$B:$B,$A11,Tranzakciók!$C:$C,$B11,Tranzakciók!$D:$D,$C11) -> 0 | F11: =IF($B11="BEVÉTEL",E11-D11,D11-E11) -> 0
A12: 2026-01 | B12: KÖZLEKEDÉS | C12: Vonat | D12: 3000 | E12: =SUMIFS(Tranzakciók!$E:$E,Tranzakciók!$B:$B,$A12,Tranzakciók!$C:$C,$B12,Tranzakciók!$D:$D,$C12) -> 0 | F12: =IF($B12="BEVÉTEL",E12-D12,D12-E12) -> 3000
A13: 2026-01 | B13: BEVÁSÁRLÁS | C13: Étel, ital | D13: 60000 | E13: =SUMIFS(Tranzakciók!$E:$E,Tranzakciók!$B:$B,$A13,Tranzakciók!$C:$C,$B13,Tranzakciók!$D:$D,$C13) -> 10085 | F13: =IF($B13="BEVÉTEL",E13-D13,D13-E13) -> 49915
... A308: 2026-12 | B308: MEGTAKARÍTÁSOK, PÉNZÜGYEK | C308: Megtakarítás | D308: 90000 | E308: =SUMIFS(Tranzakciók!$E:$E,Tranzakciók!$B:$B,$A308,Tranzakciók!$C:$C,$B308,Tranzakciók!$D:$D,$C308) -> 0 | F308: =IF($B308="BEVÉTEL",E308-D308,D308-E308) -> 90000

Sheet Tranzakciók
A1: Dátum | B1: Hónap | C1: Csoport | D1: Tétel | E1: Összeg | F1: Megjegyzés | G1: Azonosító
A2: 46023 | B2: 2026-01 | C2: BEVÉTEL | D2: Bevétel 1 | E2: 497150 | F2: Régi táblából | G2: imp-afa65f7d
A3: 46023 | B3: 2026-01 | C3: ÁLLANDÓ KÖLTSÉGEK | D3: Bérleti díj | E3: 90000 | F3: Régi táblából | G3: imp-6c38b52d
A4: 46023 | B4: 2026-01 | C4: ÁLLANDÓ KÖLTSÉGEK | D4: Rezsi | E4: 15680 | F4: Régi táblából | G4: imp-bf222e0f
A5: 46023 | B5: 2026-01 | C5: ÁLLANDÓ KÖLTSÉGEK | D5: Telefon | E5: 14385 | F5: Régi táblából | G5: imp-2f9ff43b
A6: 46023 | B6: 2026-01 | C6: ÁLLANDÓ KÖLTSÉGEK | D6: Disney+ | E6: 2990 | F6: Régi táblából | G6: imp-14b48973
A7: 46023 | B7: 2026-01 | C7: ÁLLANDÓ KÖLTSÉGEK | D7: Kondi bérlet | E7: 23000 | F7: Régi táblából | G7: imp-81a0795b
A8: 46023 | B8: 2026-01 | C8: BEVÁSÁRLÁS | D8: Étel, ital | E8: 10085 | F8: Régi táblából | G8: imp-f586eb3b
A9: 46023 | B9: 2026-01 | C9: BEVÁSÁRLÁS | D9: Ruhanemű | E9: 15000 | F9: Régi táblából | G9: imp-5ad15857
A10: 46023 | B10: 2026-01 | C10: BEVÁSÁRLÁS | D10: Fodrász | E10: 15000 | F10: Régi táblából | G10: imp-2e38b918
A11: 46023 | B11: 2026-01 | C11: TÁNCÓRÁK | D11: Swinghearts 3in1 | E11: 16500 | F11: Régi táblából | G11: imp-e889c101
A12: 46023 | B12: 2026-01 | C12: EVENT KÖLTSÉGEK | D12: Swing of Music - event | E12: 45000 | F12: Régi táblából | G12: imp-3f3c1afa
A13: 46023 | B13: 2026-01 | C13: EVENT KÖLTSÉGEK | D13: BudaFest - étel | E13: 15000 | F13: Régi táblából | G13: imp-e11ae824
... A163: 46266 | B163: 2026-09 | C163: EVENT KÖLTSÉGEK | D163: Milan Modern Swing - event | E163: 65000 | F163: Régi táblából | G163: imp-d718ec18
